7.2721,50.38529,"A61"
15.35047,46.95919,"A2 E66"
15.7003,48.37973,"S33"
15.96225,47.08135,"A2 E59"
15.98754,48.09661,"A21 E60"
16.02444,48.08551,"A21 E60"
16.10941,48.17564,"A1"
16.18225,47.83424,"A2 E59"
16.41566,47.87877,"A3"
15.8705,48.40956,"S5"
16.10382,48.36634,"S5"
15.51155,48.1704,"A1/E60"
14.40274,47.51473,"A9"
14.32145,47.6865,"A9 E57"
16.16101,47.73357,"A2"
14.82266,46.81577,"A2 E66"
10.98478,47.28504,"A12 E60"
13.61091,48.22305,"A8 E552 E56"
15.4987,47.0247,"A2 E59 E66"
11.81869,47.40535,"A12"
14.58219,48.13753,"A1"
16.18857,47.74835,"A2 E59"
15.36179,48.20861,"A1 E60"
13.66723,46.68379,"A10 E55 E66"
15.20321,48.19156,"A1 E60"
14.33992,48.23592,"A1 E60"
15.12656,48.16036,"A1 E60"
15.77073,48.18433,"A1 E60"
1.76435,48.51175,"A11 E50"
1.90808,48.52313,"L'Aquitaine"
2.50189,48.52802,"Autoroute du Soleil"
1.87494,48.53629,"L'Océane"
1.98401,48.56722,"L'Aquitaine"
2.02079,48.58415,"L'Aquitaine"
5.88768,48.5849,"A31 E21"
5.88587,48.60173,"A31 E21"
5.97825,48.68917,"A31 E21"
7.55911,48.76782,"Autoroute de l'Est"
2.84976,42.55021,"La Catalane"
2.8967,42.79823,"La Catalane"
2.91027,42.82961,"La Catalane"
2.95218,43.01359,"La Languedocienne"
2.95278,43.03471," "
0.37765,43.10064,"La Pyrénéenne"
2.98099,43.145,"La Languedocienne"
2.91139,43.15807,"Autoroute des deux Mers"
2.33029,43.19443,"Autoroute des deux Mers"
1.00156,43.19942,"La Pyrénéenne"
0.17246,43.20042,"La Pyrénéenne"
-0.00313,43.22137,"A64 E80"
3.12877,43.23203,"La Languedocienne"
2.10093,43.23513,"Autoroute des deux Mers"
-0.1588,43.26199,"La Pyrénéenne"
3.23858,43.30602,"La Languedocienne"
3.31932,43.34439,"La Languedocienne"
-0.42873,43.34756,"La Pyrénéenne"
3.46861,43.39631,"La Languedocienne"
6.02035,43.41863,"La Provençale"
5.99834,43.42147,"La Provençale"
5.99825,43.42255,"La Provençale"
-0.63225,43.43283,"La Pyrénéenne"
3.58644,43.45022,"La Languedocienne"
6.57852,43.46377,"La Provençale"
6.64103,43.4645,"La Provençale"
3.683,43.48094,"La Languedocienne"
-1.01982,43.50694,"La Pyrénéenne"
6.89791,43.53565,"La Provençale"
-1.432,43.54103," "
3.80422,43.55041,"La Languedocienne"
5.29282,43.55455,"La Provençale"
5.48418,43.59338,"Autoroute du Val de Durance"
5.13994,43.61645,"Autoroute du Soleil"
5.49442,43.63287,"A51 E712"
5.57969,43.65857,"A51 E712"
5.10209,43.65933,"Autoroute du Soleil"
5.09815,43.69715,"Autoroute du Soleil"
4.13368,43.71423,"La Languedocienne"
4.1598,43.72421,"La Languedocienne"
4.46728,43.73406,"A54 E80"
1.59041,43.73981,"A68"
5.07912,43.75974,"Autoroute du Soleil"
4.28592,43.77703,"La Languedocienne"
4.28559,43.7764,"La Languedocienne"
1.3411,43.83049,"Autoroute des deux Mers"
4.40645,43.83489,"A9 E15"
1.32402,43.84455,"A62 E09 E72"
1.32338,43.84545,"Autoroute des deux Mers"
1.31844,43.86742,"Autoroute des deux Mers"
5.88019,43.88482,"A51 E712"
4.91193,43.93837,"Autoroute du Soleil"
4.87736,44.08833,"Autoroute du Soleil"
1.49244,44.13618,"A20 E09"
1.50573,44.27042,"A20 E09"
4.74678,44.29995,"Autoroute du Soleil"
4.73963,44.32342,"Autoroute du Soleil"
0.19599,44.39172,"Autoroute des deux Mers"
4.73693,44.42506,"A7 E15"
4.75893,44.46006,"A7 E15"
1.5024,44.4667,"A20 E09"
0.03804,44.47486,"Autoroute des deux Mers"
-0.19284,44.53053,"Autoroute des deux Mers"
-0.3617,44.59678,"Autoroute des deux Mers"
-0.90004,44.62875,"D216"
-0.43553,44.64617,"Autoroute des deux Mers"
-0.73973,44.71885,"A63 E5 E70"
4.87193,44.89262,"Autoroute du Soleil"
1.50173,44.93014,"A20 E09"
1.51527,44.96597,"A20 E09"
4.87572,45.01079,"Autoroute du Soleil"
-0.44866,45.04363,"L'Aquitaine"
5.67296,45.09788,"A51 E712"
4.88771,45.11212,"Autoroute du Soleil"
-0.48346,45.13479,"L'Aquitaine"
1.56637,45.28207,"A20 E9"
4.80615,45.34928,"Autoroute du Soleil"
5.47493,45.38472,"A48 E711"
5.99056,45.39592,"A41 E712"
-0.60349,45.42022," "
4.82821,45.44738,"Autoroute du Soleil"
3.26746,45.45011,"A75 E11"
5.39853,45.48538,"A48 E711"
-0.61467,45.49135,"L'Aquitaine"
5.42792,45.56089," "
4.71209,45.57091,"A47 E70"
5.3007,45.58782,"A43 E70"
5.27988,45.59651,"A43 E70"
5.21221,45.6127,"A43 E70"
1.41227,45.64426,"A20 E9"
-0.63477,45.65611,"L'Aquitaine"
4.15567,45.68009,"A72 E70"
4.98336,45.69414,"A43 E70"
4.17817,45.72237,"A72 E70"
5.08554,45.76583,"A432"
4.14305,45.78222,"A72 E70"
5.96498,45.7851,"A41 E712"
5.98658,45.80963,"A41 E712"
2.76978,45.81222,"A89 E70"
6.02435,45.82312,"A41 E712"
3.29635,45.83431,"A72 E70"
-0.71995,45.84893,"A837 E602"
6.05692,45.86126,"A41 E712"
6.08323,45.88995,"Route des Creuses"
3.14339,45.92391,"A71 A89 E11"
4.73418,45.97576,"Autoroute du Soleil"
6.16538,45.99863,"A41 E712"
3.11741,46.02613,"A71 E11"
4.7353,46.05733,"Autoroute du Soleil"
1.36079,46.06891,"A20 E9"
6.49739,46.06898,"A40 E25"
1.36026,46.08689,"A20 E9"
1.37528,46.11669,"A20 E9"
4.76618,46.136,"Autoroute du Soleil"
5.29483,46.15614,"A40 E21 E62"
4.77017,46.16949,"Autoroute du Soleil"
-0.42159,46.2553,"L'Aquitaine"
4.79478,46.30992,"Autoroute du Soleil"
4.824,46.34554,"Autoroute du Soleil"
1.45234,46.39632,"A20 E9"
0.01677,46.46396,"L'Aquitaine"
0.11343,46.50689,"L'Aquitaine"
2.62207,46.50881,"A71 E11"
1.50995,46.51352,"A20 E9"
1.51242,46.60972,"A20 E9"
2.46432,46.6737,"A71 E11"
4.83152,46.75236,"Autoroute du Soleil"
4.82544,46.76366,"Route Taisey"
2.41357,46.79172,"A71 E11"
0.51125,46.79649,"L'Aquitaine"
2.42218,46.84785,"A71 E11"
4.82237,46.86062,"Autoroute du Soleil"
0.51866,46.87701,"L'Aquitaine"
5.582,46.89892,"A39"
4.81908,46.92183,"Autoroute du Soleil"
0.54645,46.94309,"L'Aquitaine"
4.837,46.96268,"Autoroute du Soleil"
1.7842,47.01597,"A20 E9"
2.35083,47.03999,"A71 E11"
1.82185,47.07065,"A20 E9"
3.12758,47.07227,"A77"
5.40681,47.09405,"A39"
5.39042,47.12104," "
5.41988,47.12966,"A36 E60"
5.49922,47.13774,"A36 E60"
2.182,47.16501,"A71 E11"
5.34963,47.17207,"A39"
0.65143,47.20037,"L'Aquitaine"
4.59004,47.22528,"Autoroute du Soleil"
5.91016,47.25514,"A36 E60"
5.14628,47.27513,"A31 E17 E21"
4.51149,47.27434,"Autoroute du Soleil"
5.15954,47.28934,"A31 E17 E21"
-0.60906,47.29912,"A87"
2.04982,47.31448,"A71 E9"
-1.39569,47.33347,"L'Océane"
-1.38003,47.33968,"L'Océane"
4.45957,47.34613,"Autoroute du Soleil"
2.92321,47.37515,"A77"
-1.26065,47.38052,"A11 E60"
2.93482,47.39588,"A77"
6.58341,47.41697,"A36 E60"
-1.12814,47.41649,"L'Océane"
6.60998,47.41783,"A36 E60"
-1.12075,47.41807,"L'Océane"
-0.14578,47.42632,"A85 E60"
2.00913,47.47648,"A71 E9"
0.78547,47.47916,"L'Aquitaine"
4.11436,47.49793,"Autoroute du Soleil"
0.8633,47.50306,"L'Aquitaine"
4.04144,47.50424,"Autoroute du Soleil"
0.95126,47.53052,"A10 E5 E60"
0.98157,47.54449,"L'Aquitaine"
1.14926,47.61344,"L'Aquitaine"
1.30026,47.61601,"L'Aquitaine"
1.38827,47.66541,"L'Aquitaine"
7.44929,47.68962,"A35 E25 E60"
7.02101,47.69563,"A36 E54 E60"
1.43908,47.69571,"L'Aquitaine"
1.50042,47.72747,"L'Aquitaine"
2.69492,47.81154,"A77"
2.69326,47.87115,"A77"
1.73509,47.87716,"L'Aquitaine"
5.22286,47.88686,"A31 E17 E21"
1.83587,47.89926,"Rue d'Ingré"
3.35766,47.89958,"Autoroute du Soleil"
3.24134,47.94269,"Autoroute du Soleil"
3.24115,47.94292,"Autoroute du Soleil"
5.43408,47.95265,"A31 E21"
3.18548,47.98428,"Autoroute du Soleil"
1.84546,48.01081,"L'Aquitaine"
3.12627,48.03033,"Autoroute du Soleil"
0.14915,48.04168,"E50"
2.67075,48.0447,"A77"
1.84074,48.04549,"L'Aquitaine"
0.1919,48.05601,"L'Océane"
-0.55882,48.06944,"A81 E50"
-0.61278,48.07521,"A81 E50"
-0.68904,48.09427,"A81 E50"
2.70671,48.11314,"A77"
0.61497,48.12312,"L'Océane"
2.74756,48.1465,"A77"
0.14294,48.15442,"A28 E402"
0.73283,48.1659,"L'Océane"
5.80705,48.20673,"A31 E21"
3.42181,48.23491,"A5 E511 E54"
5.83313,48.21889,"A31 E21"
5.86114,48.24281,"A31 E21"
3.96593,48.26592,"A5 E511 E54"
1.86154,48.29962,"L'Aquitaine"
7.47901,48.31315,"A35 E25"
1.34328,48.31922,"A11 E50"
-1.32184,48.31959,"A84 E3"
1.3909,48.33292,"A11 E50"
2.59523,48.33622,"A6 E15"
-1.29755,48.34117,"A84 E3"
5.85894,48.35105,"A31 E21"
1.4338,48.3575,"A11 E50"
1.49292,48.38815,"A11 E50"
-1.3097,48.40006,"A84 E3"
2.5303,48.4453," "
2.5222,48.45515," "
-1.32836,48.47815,"A84 E3"
7.50485,48.76998,"Autoroute de l'Est"
7.30426,48.77067,"Autoroute de l'Est"
7.21232,48.79275,"Autoroute de l'Est"
-1.26031,48.80402,"A84 E3 E401"
2.07154,48.82264,"A12"
2.74242,48.82929,"A4 E50"
2.82175,48.84077,"Autoroute de l'Est"
2.83779,48.85312,"A4 E50"
2.86179,48.87127,"A4 E50"
2.86787,48.87334,"Autoroute de l'Est"
2.89378,48.88557,"A140"
6.09767,48.89036,"D120"
3.01333,48.92578,"A4 E50"
1.8402,48.96337,"Autoroute de Normandie"
1.84685,48.96458,"Autoroute de Normandie"
1.4685,49.03143,"Autoroute de Normandie"
-0.77154,49.04816,"A84 E401"
4.70405,49.05978,"A4 E50"
4.79708,49.07436,"Autoroute de l'Est"
4.95629,49.08269,"Autoroute de l'Est"
5.14237,49.09158,"Autoroute de l'Est"
1.32689,49.12336,"Autoroute de Normandie"
6.65854,49.13331,"Autoroute de l'Est"
1.31311,49.13545,"Autoroute de Normandie"
5.69984,49.14046,"Autoroute de l'Est"
0.5925,49.144,"A28 E402"
3.69416,49.15044,"A4 E50"
1.2524,49.16883,"A13 E5"
5.78937,49.18114,"Autoroute de l'Est"
2.19856,49.19118,"A16 E401"
2.65244,49.22848,"A1 E15 E19"
-0.01295,49.2454,"Autoroute de Normandie"
1.17338,49.24971,"Autoroute de Normandie"
0.201,49.29118," "
0.24541,49.29943,"Autoroute de Normandie"
2.10379,49.33747,"A16 E401"
2.70075,49.35071,"Autoroute du Nord"
0.86324,49.36075,"Autoroute de Normandie"
0.84757,49.36285,"Autoroute de Normandie"
2.69834,49.39386,"Autoroute du Nord"
2.12576,49.41585,"A16 E401"
0.99201,49.5036,"A150"
2.72793,49.54111,"D938"
0.68301,49.63678,"A29 E44"
2.76902,49.66789,"Autoroute du Nord"
1.44402,49.72242,"A28 E402"
1.47308,49.74244,"A28 E402"
2.23177,49.74262,"A16 E401"
1.65882,49.74424,"A29"
2.79581,49.76647,"Autoroute du Nord"
3.32884,49.78738,"A26 E17"
3.26138,49.82101,"A26 E17"
3.23439,49.85319,"A26 E17"
2.3598,49.85449,"A29 E44"
2.85001,49.90828,"Autoroute du Nord"
3.18809,49.9887,"A26 E17"
3.15677,50.11792,"A26 E17"
2.87394,50.16729,"Autoroute du Nord"
1.75841,50.2026,"A16 E402"
3.22172,50.20374,"A2 E19"
2.87708,50.2829,"Autoroute du Nord"
2.95346,50.35452,"Autoroute du Nord"
2.98227,50.39379,"Autoroute du Nord"
2.71327,50.42878,"Autoroute des Anglais"
3.38454,50.43032,"A23"
3.3413,50.44966,"A23"
2.67915,50.49444,"Autoroute des Anglais"
2.60853,50.51158," "
3.19922,50.53366,"A23"
2.49271,50.54268,"Autoroute des Anglais"
2.10986,50.78101,"Autoroute des Anglais"
1.90739,48.50996,"L'Aquitaine"
1.76014,50.89214,"A16 E402"
2.43417,49.85644,"A29 E44"
1.5643,44.72001,"A20 E09"
2.0489,47.31026,"A71 E9"
1.32655,49.12347,"Autoroute de Normandie"
2.89461,48.88546,"Autoroute de l'Est"
3.22594,47.954,"Autoroute du Soleil"
4.36111,47.39316,"Autoroute du Soleil"
3.93816,47.57059,"Autoroute du Soleil"
3.90666,47.64525,"Autoroute du Soleil"
5.5585,46.84027,"A39"
5.18899,47.48564,"A31 E17 E21"
3.82132,47.69719,"Autoroute du Soleil"
3.3497,48.24635,"A5 E511 E54"
5.37477,47.14541,"A39"
4.16449,48.26719,"A26 E17"
3.61305,47.84161,"Autoroute du Soleil"
5.29527,46.15704,"A40 E21 E62"
5.29759,45.94576,"A42 E611"
5.78929,49.18107,"Autoroute de l'Est"
7.47587,48.39591,"A35 E25"
0.90441,47.51368,"A10 E5 E60"
2.42346,46.91844,"A71 E11"
-0.65117,45.81667,"A10 E5"
-0.06182,47.92886,"L'Océane"
1.85213,47.76729,"A71 E9"
0.35453,49.48145," "
1.19405,48.27773,"A11 E50"
1.36179,48.32294,"A11 E50"
0.78051,47.47681," "
2.00101,47.17075,"A20 E9"
2.00441,47.17203,"A20 E9"
2.18581,47.14354,"A71 E11"
1.85112,48.10688,"L'Aquitaine"
1.86129,48.29913,"L'Aquitaine"
0.56753,47.02605,"L'Aquitaine"
-0.13786,48.01289,"A81 E50"
0.08651,47.99811,"L'Océane"
0.15122,48.04286,"L'Océane"
0.16178,48.26059,"A28 E402"
0.13945,47.26046,"A85 E60"
-0.21053,47.77671,"L'Océane"
-0.27942,47.62521,"L'Océane"
0.62203,49.37789,"Autoroute de Normandie"
0.58231,49.14135,"A28 E402"
-1.13827,48.88798,"A84 E3 E401"
-1.10386,48.90746,"A84 E3 E401"
1.48247,49.02602,"Autoroute de Normandie"
2.2082,49.6132,"A16 E401"
2.13016,49.21571,"A16 E401"
2.19153,49.19488,"A16 E401"
2.56245,49.13364,"Autoroute du Nord"
2.07531,49.30308,"A16 E401"
2.16906,49.85962,"A29 E44"
2.21725,49.86344,"A16 E44"
2.23912,49.79318,"A16 E401"
2.24886,49.84154,"A16 E401"
2.32431,49.85405,"A29 E44"
2.12663,49.40893,"A16 E401"
1.55447,49.86186,"A28 E402"
1.65694,50.61448,"A16 E402"
1.69942,50.82503,"A16 E402"
1.75994,50.04377,"A28 E402"
2.51079,48.50727,"Autoroute du Soleil"
2.53625,48.43593,"Autoroute du Soleil"
2.55533,48.38975,"A6 E15"
2.42779,46.86339,"A71 E11"
2.04904,47.34706,"A71 E9"
2.0537,47.37039,"A71 E9"
3.02452,48.10163,"A6 E15"
3.22369,48.32704,"A5 E54"
2.68659,48.5871,"A5 E54"
2.75468,48.56897,"A5 E54"
2.8112,48.52847,"A5 E54"
2.68096,48.29092,"Autoroute du Soleil"
2.67991,47.90263,"A77"
2.68013,48.01392,"A77"
2.69139,47.85561,"A77"
3.15367,48.00921,"Autoroute du Soleil"
2.72522,48.25963,"Autoroute du Soleil"
2.86995,48.16589,"A6 E15"
-0.15781,46.40196,"L'Aquitaine"
0.85751,43.12847,"La Pyrénéenne"
-0.6006,45.89514,"A10 E5"
-0.18888,44.97524,"A89 E70"
1.60097,43.74351,"A68"
1.49992,44.50849,"A20 E09"
0.97325,44.05172,"Autoroute des deux Mers"
1.33016,43.83975,"Autoroute des deux Mers"
1.60748,43.33817,"L'Ariégeoise"
1.16091,44.0318,"Autoroute des deux Mers"
0.0593,43.20996,"A64 E80"
-0.84,44.64283,"A63 E5 E70"
-0.83621,44.53607,"A63 E5 E70"
-0.82006,44.46803,"A63 E5 E70"
-0.2686,43.31399,"La Pyrénéenne"
-0.11224,43.24442,"La Pyrénéenne"
-0.02175,43.23238,"La Pyrénéenne"
-0.85324,44.62404,"A660"
0.13402,43.20908,"A64"
0.1952,43.19743,"La Pyrénéenne"
0.31374,43.13533,"La Pyrénéenne"
0.44626,43.10721,"La Pyrénéenne"
0.68107,43.11509,"La Pyrénéenne"
-0.01238,43.22536,"La Pyrénéenne"
-1.28531,43.6814,"A63 E5 E70"
-1.67272,43.37318,"Autoroute de la Côte Basque"
-0.58195,43.41714," "
-0.84415,44.59404,"A63 E5 E70"
-1.32403,43.66477,"A63 E5 E70"
-0.16753,44.53119,"Autoroute des deux Mers"
-0.13633,44.53141,"Autoroute des deux Mers"
-0.04574,44.5074,"Autoroute des deux Mers"
0.01542,44.48183,"Autoroute des deux Mers"
0.35427,44.22701,"Autoroute des deux Mers"
0.56783,44.1795,"Autoroute des deux Mers"
-0.82386,44.66087,"A63 E5 E70"
-0.66039,44.77111,"A63 E5 E70"
-0.63459,45.656,"L'Aquitaine"
-0.60418,45.39449,"A10 E5"
-0.59923,45.60987,"L'Aquitaine"
-0.56545,45.32713,"L'Aquitaine"
-0.55027,45.27469,"L'Aquitaine"
-1.1372,46.60074,"A83 E3"
-1.11282,46.57164,"A83 E3"
-0.83441,45.92722,"A837 E602"
-0.66398,45.73375,"A10 E5"
-0.63074,45.83104,"A10 E5"
-0.56868,45.93131,"A10 E5"
-0.54411,45.99456,"A10 E5"
-0.47014,46.20489,"L'Aquitaine"
-1.02766,46.51428,"A83 E3"
-0.86658,46.45505,"A83 E3"
-0.82253,46.43364,"A83 E3"
-0.43947,45.02993,"L'Aquitaine"
-0.26187,44.91579,"A89 E70"
-0.09869,45.00967,"A89 E70"
0.223,44.99308,"A89 E70"
0.38615,45.01831,"Viaduc de la Crempse"
0.52746,45.12451,"A89 E70"
-0.43838,46.23527,"L'Aquitaine"
-0.39408,46.28623,"L'Aquitaine"
-0.3773,46.3947,"A83 E3"
-0.35679,46.37245,"A83 E3"
-0.30818,46.34194,"L'Aquitaine"
-0.21442,46.37207,"L'Aquitaine"
-0.01178,46.4536,"L'Aquitaine"
0.07212,46.48482,"L'Aquitaine"
1.29337,43.40753,"La Pyrénéenne"
1.30805,43.45782,"La Pyrénéenne"
1.3768,43.52005,"A64 E80"
1.52744,43.51315,"Autoroute des deux Mers"
1.61448,43.43893,"Autoroute des deux Mers"
1.62719,43.43053,"Autoroute des deux Mers"
1.6313,43.19871,"L'Ariégeoise"
1.65071,43.42074,"Autoroute des deux Mers"
1.8123,43.35043," "
1.38544,43.75764,"Autoroute des deux Mers"
1.0942,44.05213," "
1.10036,44.05444,"Autoroute des deux Mers"
1.16347,44.02959,"Autoroute des deux Mers"
1.22638,43.99962,"Autoroute des deux Mers"
1.26878,43.96947,"Autoroute des deux Mers"
1.30945,43.92745,"Autoroute des deux Mers"
1.31642,43.89735,"Autoroute des deux Mers"
1.40707,43.70112,"Autoroute des deux Mers"
1.47376,44.1181,"A20 E09"
1.83158,43.83352,"A68"
1.90596,43.87672,"A68"
1.94176,43.88572,"A68"
1.5101,44.31777,"A20 E09"
1.51712,44.55413,"A20 E09"
1.52127,44.40015,"A20 E09"
2.06614,43.24782,"Autoroute des deux Mers"
2.10154,43.23503,"Autoroute des deux Mers"
2.21148,43.21987,"Autoroute des deux Mers"
2.34582,43.1924,"Autoroute des deux Mers"
2.54433,43.17766,"Autoroute des deux Mers"
2.95207,43.02318,"La Languedocienne"
2.95285,43.03286,"La Languedocienne"
2.63284,43.17407,"Autoroute des deux Mers"
2.67995,43.17214,"Autoroute des deux Mers"
2.86339,43.15528,"Autoroute des deux Mers"
2.95496,43.11536,"La Languedocienne"
2.99637,43.1645,"La Languedocienne"
3.06848,43.19138,"La Languedocienne"
3.19741,43.29432,"La Languedocienne"
3.04625,44.05243,"A75 E11"
3.07517,44.26377,"A75 E11"
1.08474,45.15423,"A89 E70"
1.08909,45.15425,"A89 E70"
1.49897,44.91343,"A20 E09"
1.50295,44.86409,"A20 E09"
1.52281,44.97625,"A20 E09"
1.53219,45.00499,"A20 E09"
1.57303,44.69764,"A20 E09"
1.54259,45.40679,"A20 E9"
1.57375,45.31903,"A20 E9"
1.67938,45.307,"A89 E70"
1.29412,45.9148,"L'Occitane"
1.35713,45.7123,"A20 E9"
1.37669,46.15914,"A20 E9"
1.37672,46.16885,"A20 E9"
1.39076,46.24783,"A20 E9"
1.43374,46.36303,"A20 E9"
1.49994,46.57204,"A20 E9"
1.5059,46.55861," "
1.50951,46.609,"A20 E9"
2.30349,45.51389,"A89 E70"
2.41848,45.58544,"A89 E70"
3.1161,45.07608,"A75 E11"
3.1511,45.01649,"A75 E11"
3.15674,45.65874,"A75 E11"
3.20331,45.21923,"A75 E11"
2.43725,46.72435,"A71 E11"
2.43986,46.72358,"A71 E11"
2.45743,46.71689,"A71 E11"
2.5479,46.55393,"A71 E11"
2.60515,46.5096,"A71 E11"
2.99147,45.95667,"A89 E70"
3.10016,45.97043,"A71 E11"
3.13153,45.93246,"A71 A89 E11"
3.14752,45.92004,"A71 A89 E11"
2.6816,46.46259,"A71 E11"
2.73906,46.37183,"A71 E11"
2.75311,46.35917,"A71 E11"
3.01867,46.30211,"Viaduc du Venant"
3.09493,46.23955,"A71 E11"
-1.40444,47.02872,"A83 E3"
-1.39855,47.02188,"A83 E3"
-1.34082,46.9332,"A83 E3"
-1.31611,46.90648," "
-1.24562,46.78823,"A87"
-0.84154,47.04281,"A87"
-0.78538,47.17866,"A87"
-0.61245,47.29331,"A87"
-0.60732,47.30774,"A87"
-1.5751,48.16938,"A84 E3"
-1.44685,48.24384,"A84 E3"
-1.30361,48.72621,"A84 E3 E401"
-0.93947,48.07452,"A81 E50"
-0.92419,48.07578,"A81 E50"
-0.76827,48.113,"A81 E50"
-0.49975,48.0585,"A81 E50"
0.14048,47.26039,"A85 E60"
-0.3056,47.6037,"L'Océane"
-0.25347,47.68047,"L'Océane"
0.50952,46.79239,"L'Aquitaine"
0.52479,46.8376,"L'Aquitaine"
0.74776,47.45144," "
-0.41178,48.05132,"A81 E50"
-0.3112,48.01817,"A81 E50"
-0.28633,48.00787,"A81 E50"
0.09188,48.00066,"L'Océane"
0.42028,48.06613,"L'Océane"
1.04936,47.57006,"L'Aquitaine"
1.08444,47.58886,"L'Aquitaine"
1.16161,47.6155,"L'Aquitaine"
1.7745,46.9947,"A20 E9"
1.82582,47.07899,"A20 E9"
1.98182,47.15692,"A20 E9"
1.96677,47.61083,"A71 E9"
1.08231,48.23984,"A11 E50"
1.11324,48.24618,"A11 E50"
1.1181,48.24864,"A11 E50"
1.84843,47.93944,"L'Aquitaine"
1.85901,47.97965,"L'Aquitaine"
1.86538,47.85643,"A71 E9"
1.47019,48.37353,"A11 E50"
1.50557,48.41383,"A11 E50"
1.65875,48.48643,"A11 E50"
-0.87568,48.08765,"A81 E50"
-0.8194,48.1117,"A81 E50"
-0.78862,48.11581,"A81 E50"
-1.09618,48.91306,"A84 E3 E401"
-0.78919,49.0446,"A84 E401"
-0.59438,49.11136,"A84 E401"
-0.29426,49.16741,"Autoroute de Normandie"
0.20237,49.29155,"Autoroute de Normandie"
0.24894,49.29957,"Autoroute de Normandie"
0.41296,49.33659,"Autoroute de Normandie"
0.6295,49.37685,"Autoroute de Normandie"
0.68873,49.16279,"A28 E402"
0.75637,49.36987,"Autoroute de Normandie"
0.27878,49.50294,"A29 E44"
0.57226,49.38475,"Autoroute de Normandie"
0.92611,47.52195,"L'Aquitaine"
1.00334,47.55183,"L'Aquitaine"
1.83685,48.52685,"L'Océane"
1.89091,48.38874,"L'Aquitaine"
1.89527,48.40738,"L'Aquitaine"
1.91274,48.46452,"L'Aquitaine"
1.94728,48.55971,"L'Aquitaine"
2.26835,47.08056,"A71 E11"
2.41701,46.98234,"A71 E11"
2.4235,46.91877,"A71 E11"
2.00901,47.55067,"A71 E9"
2.05008,47.351,"A71 E9"
3.13572,47.04376,"A77"
3.15209,47.03234,"A77"
2.73971,47.69737,"A77"
2.86765,48.47578,"A5 E54"
2.72233,48.82884,"A4 E50"
2.75308,48.83009,"A4 E50"
2.80576,48.83499,"Autoroute de l'Est"
2.92358,48.43051,"A5 E54"
2.96762,48.40538,"A5 E54"
2.98865,48.3894,"A5 E54"
3.02778,48.37492,"A5 E54"
3.05268,48.37326,"A5 E54"
0.78075,49.28403,"A28 E402"
0.81985,49.36472,"Autoroute de Normandie"
0.83722,49.36347,"Autoroute de Normandie"
0.84621,49.36308,"Autoroute de Normandie"
0.94502,49.33981,"Autoroute de Normandie"
1.3505,49.10156,"Autoroute de Normandie"
1.19471,49.24081,"Autoroute de Normandie"
1.20932,49.22588,"Autoroute de Normandie"
1.22027,49.20968,"Autoroute de Normandie"
1.11235,49.31026,"Autoroute de Normandie"
1.12503,49.28711,"Autoroute de Normandie"
1.12998,49.27711,"Autoroute de Normandie"
1.25054,49.17003,"Autoroute de Normandie"
4.88905,44.02088,"Autoroute du Soleil"
4.90064,43.96315,"Autoroute du Soleil"
4.7314,44.38278,"A7 E15"
4.73746,44.35421,"A7 E15"
4.72907,44.40517,"A7 E15"
4.76695,44.47963,"A7 E15"
4.79254,44.6471,"A7 E15"
4.79854,44.59412,"A7 E15"
4.80797,44.54484,"A7 E15"
4.80921,44.57074,"A7 E15"
5.08627,43.74473,"Autoroute du Soleil"
5.1441,43.61256,"Autoroute du Soleil"
5.14812,43.60822,"Autoroute du Soleil"
5.49392,43.63115,"A51 E712"
5.53159,43.65707,"A51 E712"
5.58041,43.65864,"A51 E712"
4.15611,45.68904,"A72 E70"
4.15756,45.67093,"A72 E70"
3.41743,45.85042,"A72 E70"
3.95402,45.86808,"A72 E70"
4.14216,45.7836,"A72 E70"
5.55016,45.29407,"A49"
5.58352,45.33496,"A48 E711"
5.61845,45.30828,"A48 E711"
5.39787,45.55943,"A43 E70"
5.65521,45.57253,"A43 E70"
4.72656,46.04007,"Autoroute du Soleil"
4.72775,46.04401,"Autoroute du Soleil"
4.736,45.9977,"A6 E15"
4.75034,46.10017,"Autoroute du Soleil"
4.77039,46.16959,"Autoroute du Soleil"
4.78251,46.20741,"Autoroute du Soleil"
5.02693,45.8318,"A42 E611"
5.06084,45.84198,"A42 E611"
4.80971,46.32642,"Autoroute du Soleil"
4.8271,46.35036,"Autoroute du Soleil"
4.83633,46.36898,"Autoroute du Soleil"
4.8447,46.37745,"Autoroute du Soleil"
4.8543,46.39735,"Autoroute du Soleil"
4.86867,46.4282,"Autoroute du Soleil"
4.83257,46.74867,"Autoroute du Soleil"
4.8597,46.64674,"Autoroute du Soleil"
4.89964,46.58845,"Autoroute du Soleil"
4.91203,46.51491,"Autoroute du Soleil"
5.17197,45.86155,"A42 E611"
5.21218,45.88593,"A42 E611"
5.25983,45.91957,"A42 E611"
5.95127,44.02496,"A51 E712"
6.01207,44.42545,"A51"
7.03667,43.59155,"La Provençale"
5.68587,45.56189,"A43 E70"
5.86376,45.24507,"A41 E712"
5.89689,45.61562,"A41 E712"
5.91313,45.63224,"A41 E712"
5.96622,45.34596,"A41 E712"
5.98942,45.5171,"A43 E70"
6.00892,45.45892,"A41 E712"
6.22063,45.56645,"A430"
6.28243,45.37463,"A43 E70"
6.33504,45.31273,"A43 E70"
5.92771,45.74373,"A41 E712"
5.95967,45.7726,"A41 E712"
6.07034,45.87559,"A41 E712"
6.11517,45.93677,"A41 E712"
5.99007,46.11322,"A40 E21 E62"
6.1317,45.97469,"A41 E712"
6.24078,46.03711,"A41 E712"
6.38334,46.07248,"A40 E25"
3.72693,47.76785,"Autoroute du Soleil"
3.77048,47.71472,"Autoroute du Soleil"
4.2405,48.76247,"A26 E17"
4.56092,47.25088,"Autoroute du Soleil"
4.58314,47.23374,"Autoroute du Soleil"
4.69984,47.13643,"Autoroute du Soleil"
4.8193,46.77543,"Autoroute du Soleil"
4.81936,46.88355,"Autoroute du Soleil"
4.82144,46.76973,"Autoroute du Soleil"
4.82391,46.85881,"Autoroute du Soleil"
4.83166,46.84087,"Autoroute du Soleil"
4.8188,46.92148,"A6 E15 E21"
4.83636,46.96165,"Autoroute du Soleil"
4.85269,46.98918,"Autoroute du Soleil"
4.8388,46.96772,"Autoroute du Soleil"
4.8683,47.01694,"Autoroute du Soleil"
4.87502,47.02825,"A31 E17"
4.8938,47.04701,"A31"
4.93231,47.08449,"A31 E17"
4.78461,47.29971,"A38"
5.14579,47.275,"A31 E17 E21"
5.23981,47.24776,"A39"
5.29992,47.20737,"A39"
5.34904,47.17212,"A39"
4.20672,49.14897,"Autoroute de l'Est"
3.22985,50.20927,"A2 E19"
3.25171,50.60106,"A27 E42"
3.24896,50.22074,"A2 E19"
3.29756,50.24114,"A2 E19"
3.44884,50.39792,"A23"
4.61724,49.03601,"Autoroute de l'Est"
4.87807,49.07246,"Autoroute de l'Est"
4.99968,49.09145,"Autoroute de l'Est"
4.78237,49.7385,"A203 A34 E44 E46"
5.38634,49.11881,"Autoroute de l'Est"
5.57915,49.11528,"Autoroute de l'Est"
5.63921,49.12727,"Autoroute de l'Est"
5.7924,47.19259,"A36 E60"
5.89567,47.24453,"A36 E60"
5.95807,47.27703,"A36 E60"
6.07227,47.3129,"A36 E60"
6.38964,47.37474,"A36 E60"
6.88108,47.63618," "
5.80671,48.20674,"A31 E21"
5.85342,48.33809,"A31 E21"
4.78636,44.70472,"A7 E15"
4.78967,44.73424,"A7 E15"
4.82952,44.78415,"A7 E15"
4.86493,44.87119,"Autoroute du Soleil"
4.87595,45.01072,"Autoroute du Soleil"
4.87775,45.04914,"A7 E15"
4.87871,45.10019,"Autoroute du Soleil"
4.88101,45.10388,"Autoroute du Soleil"
4.88832,45.152,"Autoroute du Soleil"
5.05714,45.02116,"A49"
4.81206,45.31628,"A7 E15"
4.82873,45.27493,"A7 E15"
5.16897,45.04905,"A49"
5.19238,45.05929,"A49"
5.20529,45.06689,"A49"
5.65516,45.00312,"A51 E712"
5.15669,45.63502,"A43 E70"
5.2116,45.61261,"A43 E70"
5.29617,45.59134,"A43 E70"
5.42435,45.43153,"A48 E711"
5.2946,46.21249,"A40 E21 E62"
5.29516,46.2077,"A40 E21 E62"
5.31188,45.98178,"A42 E611"
5.32682,46.0518,"A42 E611"
5.25802,46.3078,"A39"
5.26191,46.2491,"A40 E21 E62"
5.26843,46.24378,"A40 E21 E62"
5.28673,46.45053,"A39"
5.48211,46.70846,"A39"
5.70982,43.19744,"A50"
5.75926,43.19854,"A50"
5.77012,43.17196,"A50"
6.30905,43.32999,"A57"
6.48047,43.44132,"La Provençale"
6.69366,43.45759," "
6.70833,43.4589,"La Provençale"
3.89289,47.65734,"Autoroute du Soleil"
3.90715,47.62773,"Autoroute du Soleil"
3.97902,47.53463,"Autoroute du Soleil"
4.17017,47.48368,"Autoroute du Soleil"
3.28544,47.92013,"Autoroute du Soleil"
3.34017,47.90707,"Autoroute du Soleil"
3.26684,48.28905,"A5 E54"
3.28192,48.25609,"A19 E511"
3.28593,48.27199,"A5 E54"
3.30411,48.2648,"E511"
3.56181,47.8558,"Autoroute du Soleil"
3.72268,48.26909,"A5 E511 E54"
3.81556,48.27624,"A5 E511 E54"
4.17137,48.24106,"A26 E17"
4.26723,48.19621,"A5 E17 E54"
4.16666,48.33726,"A26 E17"
4.8692,47.01843,"Autoroute du Soleil"
5.40648,47.12777,"A36 E60"
5.19019,47.71825,"A31 E17 E21"
4.50567,48.16542,"A5 E17 E54"
4.66054,48.13135,"A5 E17 E54"
4.69135,48.12661,"A5 E17 E54"
4.94467,48.06283,"A5 E17 E54"
5.21489,47.9279,"A5 E17"
5.2238,47.89835,"A31 E17 E21"
5.2262,47.85746,"A31 E17 E21"
5.2482,47.91933,"A31 E21"
5.32882,47.94821,"A31 E21"
3.39264,49.07842,"Autoroute de l'Est"
3.6715,49.14914,"Autoroute de l'Est"
3.81241,49.21993,"Autoroute de l'Est"
3.24565,49.82736,"A26 E17"
3.24886,49.82559,"A26 E17"
3.41091,49.72527,"A26 E17"
3.5787,49.65157,"A26 E17"
3.69855,49.57971,"A26 E17"
5.76426,49.17438,"Autoroute de l'Est"
7.82878,48.69292,"A35"
7.58285,48.76741,"Autoroute de l'Est"
7.1238,48.84965,"Autoroute de l'Est"
7.4195,48.26343,"A35 E25"
7.41721,48.26084,"A35 E25"
7.39448,47.83885,"A35 E25"
7.39284,47.80327,"A35 E25"
7.36064,47.93585,"A35 E25"
7.35972,47.92732,"A35 E25"
5.91012,47.25493,"A36 E60"
5.95786,47.27698,"A36 E60"
5.94617,48.68295,"A31 E21"
6.01953,48.68914,"A31 E21"
6.95099,47.66248,"A36 E54 E60"
7.0826,47.71021,"A36 E54 E60"
7.10142,47.70997,"A36 E54 E60"
7.42,47.75392,"A35 E25 E60"
10.1711,44.87624,"Autostrada del Sole"
12.69816,41.96478,"Autostrada del Sole"
13.26979,41.63587,"Autostrada del Sole"
10.49169,43.41862,"A12 E80"
11.55658,44.82065,"A13"
12.8781,43.89498,"A14 E55"
12.737,41.92727,"Autostrada Roma-L'Aquila"
16.23795,38.92941,"Autostrada del Sole"
7.59929,45.02028,"E70"
10.45681,43.58748,"A12 E80"
13.21363,45.86518,"Autostrada della Serenissima"
7.22141,45.12352,"Autostrada Torino-Bardonecchia"
11.75648,43.38924,"Autostrada del Sole"
8.51125,45.78427,"Autostrada Genova Voltri-Gravellona Toce"
13.84462,42.18917,"A25 E80"
16.607,41.1691,"A14 E55"
16.57361,41.17715," "
12.72662,43.95205,"Autostrada Adriatica"
13.34687,42.09388,"A25 E80"
13.05407,43.80799,"A14 E55"
12.40957,44.1163,"Autostrada Adriatica"
10.15374,45.33311,"Autostrada Torino-Piacenza-Brescia"
10.18432,45.39416,"Autostrada Torino-Piacenza-Brescia"
14.82596,40.94429,"A16 E842"
8.56467,45.47413,"A4"
8.40264,45.46249,"A4 E64"
11.95363,45.38077,"A13"
11.35887,43.7294,"A1"
16.21714,38.93509,"Autostrada del Sole"
11.26195,44.35783," "
10.5811,44.7403,"Autostrada del Sole"
10.47459,43.50309,"A12 E80"
10.04815,44.89644,"Autostrada del Sole"
12.53093,45.67104,"Autostrada della Serenissima"
10.46535,43.57873,"A12 E80"
15.75087,41.17988,"A16 E842"
8.44448,45.48175,"Autostrada Genova Voltri-Gravellona Toce"
8.45857,45.46589," "
14.11553,37.63578,"A19"
13.09831,46.24118,"Autostrada Alpe-Adria"
11.43366,43.69191,"Autostrada del Sole"
8.73426,45.70358,"A8dir E62"
11.61339,45.56424,"Autostrada della Valdastico"
9.97551,44.60198,"Autostrada della Cisa"
10.5541,43.82755," "
15.20224,37.8057,"A18 E45"
12.61577,43.99613,"Autostrada Adriatica"
8.36018,44.22564,"Autostrada dei Fiori"
15.39113,38.2236,"A20 E90"
10.21049,45.44724,"Autostrada Torino-Piacenza-Brescia"
15.56368,41.15623,"A16 Napoli - Canosa"
13.72605,42.84964," "
7.81503,44.49227,"A6 Torino - Savona "
10.85392,45.03055,"Autostrada del Brennero"
8.53589,45.01829,"Autostrada Genova Voltri-Gravellona Toce"
8.41506,45.61304,"Autostrada Genova Voltri-Gravellona Toce"
10.57061,43.82544,"Autostrada Firenze Mare"
12.98631,42.03087,"A24 E80"
14.13665,42.3751,"Via Marconello"
13.70566,42.02065,"A25 E80"
11.21519,43.99002,"Autostrada del Sole"
13.09153,38.07494,"A29 E90"
11.09211,46.15399,"Autostrada del Brennero"
23.84699,42.44663,"A1 E80"
17.55626,46.70229,"M7 E71"
24.40116,42.22025,"A1 E80"
24.02242,42.3416,"A1 E80"
23.87676,42.38317,"A1 E80"
19.46236,47.14848,"M5 E75"
17.69646,48.3634,"D1 E75"
14.21074,50.41748,"D8 E55"
14.21135,50.41716,"D8 E55"
14.08123,50.48215,"D8 E55"
14.30998,50.31849,"D8 E55"
14.31055,50.31812,"D8 E55"
14.29275,50.32905,"D8 E55"
14.10835,49.97509,"D5 E50"
13.64352,49.76448,"D5 E50"
13.85653,49.84906,"D5 E50"
13.8558,49.84862,"D5 E50"
16.89245,48.81051,"D2 E65"
16.96626,48.74544,"D2 E65"
16.75959,48.92653,"D2"
16.762,48.92487,"D2 E65"
15.16091,50.11823,"D11 E67"
14.85609,50.13465,"D11 E67"
17.87206,48.70862,"D1 E75"
16.15378,49.30142,"D1 E50 E65"
16.21822,49.27707,"D1 E50 E65"
15.96232,49.37323,"D1 E50 E65"
15.28439,49.56742,"D1 E50 E65"
15.28862,49.56564,"D1 E50 E65"
15.26507,49.5781,"D1 E50 E65"
16.24472,49.27206,"D1 E50 E65"
15.7175,49.41266,"D1 E50 E65"
14.904,49.80303,"D1 E50 E65"
15.12409,50.11788,"D11 E67"
13.98306,46.6192,"A2 E66"
16.26861,47.98194,"A2"
10.77676,44.69113,"A1 E35 Autostrada del Sole"
-8.68409,38.75362,"A13"
18.43081,47.57608,"M1/E60/E75"
9.15844,48.92168,"A81"
12.50326,51.3499,"A14 "
12.18301,50.46169,"A72"
7.24953,50.39263,"E31 "
12.51465,51.32579,"A14"
7.7966,50.4464,"A3"
13.72741,48.17688,"A8"
11.33158,43.72961,"A1"
11.26833,43.73683,"A1"
16.26228,47.98003,"A2"
2.74686,50.72111,"A25"
0.87314,44.05761,"A62"
12.22308,42.65508,"A1"
2.41546,49.85742,"A29"
12.26694,41.85139,"A12"
5.17975,47.6417,"A31"
15.58571,45.89347,"A2"
12.82528,41.80047,"A1"
13.09861,41.73025,"A1"
15.42427,46.28163,"A1"
1.62298,46.81697,"A20"
2.85199,49.94316,"A1"
13.01408,41.74875,"A1"
1.12076,49.29773,"A13"
14.69142,46.16637,"A1"
4.50313,47.30285,"A6"
13.21786,41.66617,"A1"
1.48627,49.78582,"A28"
2.16536,47.18861,"A71"
11.77556,43.24528,"A1"
1.85307,48.26585,"A10"
17.52303,47.6908,"M1"
3.25542,45.4975,"A75"
21.78166,40.33717,"E90 20"
21.88225,40.36997,"E90"
17.86011,48.74408,"D61"
6.47454,47.40675,"A36"
0.83028,48.19225,"A11"
12.11911,41.96325,"A12"
-0.31683,44.57408,"A62"
-1.47287,47.09998,"A83"
5.23578,49.09063,"A4"
10.53244,43.82801,"A11"
4.16051,48.36442,"A26"
4.88015,46.46623,"A6"
15.6569,46.46182,"A1"
4.29995,43.78888,"A9"
4.79386,44.60518,"A7"
11.86583,43.1343,"A1"
5.40091,45.46977,"A48"
11.19561,44.26069,"A1"
4.735,44.19528,"A7"
17.26615,47.8388,"M1"
1.51214,44.57094,"A20"
0.17594,48.56139,"A28"
7.37184,47.9713,"A35"
4.79897,44.12321,"A7"
12.13536,42.723,"A1"
1.47513,46.42851,"A20"
5.14827,45.86383,"A42"
10.92678,43.91291,"A11"
0.2835,46.55503,"A10"
0.51377,49.3902,"A13"
14.26194,45.80069,"A1"
2.20189,49.57444,"A16"
24.63384,42.19816,"A1"
2.72736,49.54142,"A1"
5.4919,45.37104,"A48"
0.9753,43.17311,"A64"
1.02756,49.47294,"A150"
3.40667,50.41991,"A23"
11.19453,44.22272,"A1"
11.40278,43.70017,"A1"
11.98494,42.0255,"A12"
11.16611,43.76722,"A1"
14.01751,45.72892,"A1"
10.61253,44.73297,"A1"
14.59327,45.99043,"A2"
15.634,46.42822,"A1"
0.16225,48.53347,"A28"
1.74019,50.864,"A16"
7.52666,47.60766,"A35"
5.73,48.17625,"A31"
12.0475,42.79203,"A1"
11.20161,44.2077,"A1"
21.53381,40.21558,"A2"
1.5683,43.70008,"A68"
4.32489,48.16993,"A5"
-0.46361,48.05167,"A81"
1.86817,47.09906,"A20"
4.17436,48.65611,"A26"
3.06719,43.19066,"A9"
14.30507,45.96362,"A1"
15.28998,47.21925,"A9"
12.1809,49.96827,"A93 "
8.26726,49.66974,"A61"
4.83837,44.78972,"A7"
12.6202,52.98261,"A24"
12.72614,52.91337,"A24"
10.4923,43.4629,"A12"
14.12476,47.86906,"A9"
13.76257,48.17811,"Innkreis Autobahn"
15.4737,48.17189,"A1"
14.82178,46.83837,"Süd-Autobahn"
9.80659,53.37133,"A1"
4.51965,43.89967,"E15"
12.16714,51.32053,"A9"
0.37025,49.57007,"A29"
12.84818,50.8522,"A4 Ri. Frankfurt"
13.81199,48.18281,"Innkreis-Autobahn"
20.63461,47.794,"E71"
12.19962,45.58809,"A4"
7.25382,50.39024,"A61"
12.54851,52.92434,"A24 > Berlin"
0.38389,45.01584,"La Transeuropéenne"
20.0423,46.30551,"E75"
11.76997,47.38608,"Inntal Autobahn"
15.69602,48.25859,"Kremser Schnellstraße"
4.52312,47.26088,"L'Autoroute du Soleil"
15.99704,48.09264,"Wiener Außenring-Autobahn"
9.17074,49.99114,"Schönbornstraße"
16.2079,47.9124,"Süd Autobahn"
16.066,47.69526,"Semmering-Schnellstraße"
5.43515,47.07879,"A39"
-1.19865,46.79199,"E03"
2.69268,49.28696,"E19"
3.14339,44.00976,"La Méridienne"
14.69973,47.4357,"Pyhrn Autobahn"
8.20368,49.70115,"E31 "
0.93493,43.12569,"D117"
2.98595,46.31959,"E11"
13.97409,48.1837,"Innkreis Autobahn"
0.73938,48.16828,"L'Océane"
5.5082,46.73204,"A39"
7.09102,48.95551,"L'Autoroute De L'Est"
16.20304,47.76425,"Günser Straße"
15.42925,48.18654,"West Autobahn"
7.87783,48.71877,"A35"
5.42033,47.08677,"A39"
12.67189,52.33575,"A2"
12.1409,45.52859,"A4"
2.72753,49.5411,"A1"
16.28157,47.98843,"Süd Autobahn "
0.5487,44.18522,"L'Autoroute des Deux Mers"
14.44452,48.34074,"Mühlkreisautobahn"
1.73211,43.38348,"Autoroute des Deux Mers"
16.4705,47.82795,"Südost Autobahn"
15.37876,46.95773,"Süd Autobahn"
0.59885,47.11741,"A10"
15.66779,47.08938,"Süd Autobahn"
1.63091,43.1975,"A66"
14.61737,48.12127,"West Autobahn"
9.64884,47.36151,"Rheintal Autobahn"
15.98836,47.13833,"Süd Autobahn"
17.87074,48.66437,"E-75"
17.86702,48.73327,"E-75"
9.01489,45.65275,"Autostrada dei Laghi"
-0.00023,48.03142,"A81"
2.66462,50.50004,"3 Rue de la Gare"
13.61936,48.21838,"Innkreis Autobahn"
13.16719,47.85278,"West Autobahn"
15.60974,47.06376,"Süd Autobahn"
5.75036,43.47912,"La Provençale"
14.89271,48.14667,"A1 West Autobahn "
15.9772,47.0896,"Süd Autobahn"
2.80161,49.78568,"Autoroute Du Nord"
17.01125,48.06736,"Nordost Autobahn"
12.28787,50.5739,"A72 Ri. Hof"
12.04608,51.22389,"A9"
13.71237,46.66979,"Tauern Autobahn"
15.33258,47.17034,"Pyhrn Autobahn"
16.83254,40.9623,"Autostrada Adriatica"
14.94657,47.3794,"Pyhrn Autobahn"
8.78895,50.55504,"A5"
13.10908,52.32927,"A115"
14.18184,48.17751,"West Autobahn"
23.80365,42.87911,"A2"
15.9973,47.17455,"Süd Autobahn"
11.54824,49.87869,"A9 > Berlin"
10.60594,47.17331,"A12"
10.85542,47.24732,"A12"
-0.06694,47.34403,"A85"
15.99955,47.16773,"A2 Süd Autobahn "
8.20269,49.7014,"A61 "
5.89704,45.61636,"E712"
5.86035,45.24389,"A41"
2.33914,45.52725,"A89"
0.27957,44.26641,"A62"
1.57362,45.37216,"A20"
12.37306,41.81676,"Autostrada Roma-Aeroporto di Fiumicino"
13.02991,50.75344,"B174"
11.0123,45.88668,"Autostrada Del Brennero"
10.4285,44.80821,"A1 Milano - Napoli "
13.89127,42.21026,"A25 Torano - Pescara"
4.61674,48.1421,"A5"
14.03148,48.05688,"Westautobahn"
11.37995,44.56056,"A13 Bologna   Padova"
16.96544,40.61509,"A14 Bologna   Taranto"
7.90964,43.85151,"A10 Genova   Ventimiglia"
12.57601,42.09566,"Diramazione Roma Nord"
13.54145,46.78157,"Tauernautobahn"
9.62511,47.29646,"Rheintal Autobahn"
14.83165,40.69494,"A3 Napoli   Reggio Calabria"
12.59187,42.22969,"A1 Milano - Napoli"
12.91808,37.9961,"A29 Palermo   Mazara Del Vallo"
9.69108,47.19781,"Rheintal Autobahn "
13.42475,41.55587,"A1 Milano   Napoli"
15.92382,38.42401,"A3 Napoli   Reggio Di Calabria"
16.50278,41.18875,"A14 Bologna - Taranto"
10.20012,44.80791,"A15 Parma   La Spezia"
14.21441,41.13051,"A1 Milano - Napoli"
8.54216,44.93247,"A21 Torino   Brescia"
13.58532,41.53904,"A1 Milano   Napoli"
10.84736,44.71327,"A22"
13.18038,45.85529,"A4 Torino   Trieste"
8.33846,44.90626,"A21 Torino   Piacenza   Brescia"
13.86498,42.10468,"A25 Torano - Pescara"
10.03165,44.90449,"E35"
10.938,45.40209,"A4 Torino - Trieste"
9.80775,45.64339,"A4 Torino - Trieste"
9.5216,45.06704,"A21 Torino - Brescia"
11.27638,44.43169,"A1 Milano - Napoli"
9.7909,45.01039,"A1 Milano - Napoli"
12.145,45.46066,"A57"
9.52622,45.21822,"E 35"
13.44241,46.82977,"E66 "
10.87835,47.26114,"A12"
11.79768,45.45527,"A4 Torino - Trieste"
9.01316,45.50706,"A4 Torino - Trieste"
16.23637,41.25589,"A14 Bologna - Taranto"
10.10391,45.2051,"A21 Torino - Piacenza - Brescia"
21.8811,40.37017,"A2"
11.92259,42.98597,"A1 Milano - Napoli"
8.65081,52.9906,"A1 "
13.11737,45.83478,"A4 Torino - Trieste"
8.56247,44.35607,"A10 Genova - Ventimiglia "
3.04085,50.52303,"A1"
14.14602,48.18114,"A25"
13.77801,43.20476,"A14 Bologna - Taranto"
15.52724,48.174,"A1"
13.19025,43.72594,"A14 Bologna - Taranto "
4.83582,46.73418,"A6"
1.56884,47.76786,"A10"
9.77498,45.02433,"A1 Milano - Napoli "
9.39441,45.57499,"A4 Torino - Trieste"
10.21821,43.93636,"A12 Genova - Roma"
13.8435,43.07538,"A14 "
12.10803,42.73395,"A1 "
13.84802,43.04532,"A14"
13.68687,43.3733,"A14 Bologna - Taranto"
13.68694,43.37331,"A14 Bologna - Taranto"
14.83646,46.867,"A2"
16.1857,47.85911,"A2"
13.45889,41.54985,"A1 Milano - Napoli "
16.95242,40.68871,"A14 Bologna - Taranto"
16.3398,48.06239,"A2"
15.98459,47.10262,"A2"
11.01618,45.80552,"A22 Brennero - Modena"
13.68266,47.94843,"West Autobahn "
15.64883,48.17644,"A1"
14.95076,40.62524,"A3 Napoli - Reggio Calabria"
15.58252,46.77297,"Pyhrn Autobahn "
16.336,48.07842,"Süd Autobahn "
14.15201,48.14959,"A1"
8.50598,45.08404,"A26"
9.81899,44.99846,"A1 Milano - Napoli"
12.24341,42.57868,"A1 Milano - Napoli"
13.24085,47.43757,"Anschlussstelle Bischofshofen"
12.64108,42.05797,"A1 Milano - Napoli"
12.59805,53.00173,"A24"
16.22203,47.95647,"A2"
12.30686,45.62915,"A27 Venezia - Belluno "
11.21169,46.24927,"A22 Brennero - Modena "
15.441,40.53133,"A3 Napoli - Reggio Calabria "
13.46388,43.57051,"A14 Bologna - Taranto "
8.2984,45.4491,"A4 Torino - Trieste "
12.18356,41.93033,"A12 "
5.70707,48.1638,"A31"
-4.6403,40.98238,"A-6"
13.20592,41.6744,"A1 Milano - Napoli "
12.61715,42.12831,"A1 Milano - Napoli "
12.54068,42.07458,"Diramazione Roma Nord"
16.08287,48.3606,"Stockerauer Schnellstraße"
8.96864,45.09454,"A7 Milano - Genova"
11.62652,47.30846,"Inntal Autobahn "
11.47734,43.627,"A1 Milano - Napoli"
13.66519,47.95126,"A1"
13.20538,47.46333,"Tauernautobahn"
12.57725,42.09651,"Strada Provinziale 15a"
11.27712,46.33579,"A22 Brennero - Modena"
14.42927,40.90703,"A16 Napoli - Canosa"
13.90612,48.18277,"Innkreis Autobahn"
16.00216,41.26075,"A14"
1.57969,41.28561,"AP-7 209"
11.92014,42.99739,"A1"
12.95858,50.89957,"A4 Ri. Dresden"
-3.57756,40.35082,"M-50"
13.75569,48.17814,"A8"
12.7171,41.82645,"Diramazione Roma Sud"
2.93761,42.22852,"AP-7"
28.03028,44.32528,"Autostrada Soarelui A2"
4.42463,49.53407,"A34"
11.81505,43.20344,"A1"
-0.84305,44.5936,"A63"
11.77516,43.42247,"A1"
13.54954,47.95587,"West Autobahn "
-3.38859,38.91966,"A-4"
-5.06494,37.23587,"A-92"
11.56987,43.54015,"A1"
8.36391,50.0791,"A3"
18.21543,48.99708,"D1"
1.72323,50.84999,"Route des Estuaires"
15.33239,48.2174,"West Autobahn "
1.68367,49.98494,"A28"
14.81991,40.941,"A16 Napoli - Canosa"
0.31862,48.78353,"A28"
12.58265,53.01453,"A24"
11.48394,53.56268,"A14 "
15.67751,47.09199,"Ungerdorf 74"
12.49493,50.77271,"B93/B175 "
-0.43195,44.97756,"Route des Estuaires, A10"
3.69331,43.6294,"A750"
-0.9732,44.13977,"A63"
3.45823,43.38904,"A9"
-0.56477,39.47322,"A-3"
17.08533,47.92585,"A4 Ost Autobahn"
12.01337,42.885,"A1 Milano -> Napoli"
11.84083,50.9167,"A9"
16.66028,48.09478,"A4"
14.94026,47.38185,"A9 Pyhrn Autobahn"
-4.96174,41.37377,"A-6"
15.40482,47.48478,"S6"
16.83405,48.02731,"A4 Ost Autobahn"
15.49913,41.15045,"A16 Napoli - Canosa"
14.7825,46.71471,"Süd Autobahn "
9.99908,45.5235,"BreBeMi"
6.09021,49.76469,"Route du Nord "
13.64191,46.70103,"Tauernautobahn "
16.15217,38.61264,"A3"
15.41717,47.49079,"Semmering Schnellstraße"
13.19217,47.85284,"A1"
16.65968,48.09535,"Ost Autobahn "
14.65934,46.6847,"Süd Autobahn "
13.6453,48.19554,"A8 Innkreis Autobahn"
16.79056,48.04149,"Ost Autobahn"
21.73817,47.88668,"M3"
20.74627,47.84862,"M3"
20.08166,47.70564,"M3"
18.46878,47.173,"M7"
14.65881,46.68488,"A2"
14.81242,46.78548,"A2"
12.45745,45.63702,"A4"
13.75395,48.17832,"Innkreis Autobahn "
13.75529,48.17822,"Rakesing"
17.20253,47.87845,"M1"
10.89324,45.29361,"A22"
14.82487,49.83968,"E50"
8.72002,47.1934,"A3"
9.46237,47.03715,"A3"
11.76253,43.4053,"A1"
5.50788,43.50621,"A8"
14.18704,48.19459,"Panoramastraße "
5.34178,51.38018,"A67"