8.61011,51.99255,"Detmolder Straﬂe"
12.02941,48.14061,"B12"
11.3997,47.26989,"Kaiserj‰gerstraﬂe 6"
12.56971,51.58694,"B107"
4.85775,45.7633,"Boulevard Marius Vivier Merle"
10.51578,52.30495,"K2 58-66"
11.13001,51.27147,"B86 235"
10.71382,50.92097,"Doktor-Troch-Straﬂe 31"
10.49709,50.94469,"Frankfurter Straﬂe"
11.58152,51.84493,"L72 7-18"
12.00525,50.39698,"A72"
16.3149,48.1929,"Linzer Straﬂe 16"
8.89415,49.25395,"Kurpfalzstraﬂe "
8.40359,51.90542,"L788"
7.04625,51.57418,"B226"
7.83214,50.28211,"B260"
-1.60322,51.76361,"Upavon Way"
7.15519,49.46458,"August-Balthasar-Straﬂe"
11.22748,51.71997,"Allee"
11.2929,46.4847,"Mebo"
11.7389,46.8156,"Ss49"
8.96433,47.73771,"Friedrich-Werber-Straﬂe"
8.13186,48.68952,"Hauptstraﬂe"
7.03631,49.23378,"Pater-Delp-Straﬂe 36-38"
8.80536,50.51563,"B488"
10.08408,48.27702,"Rue de Vizille"
16.331,48.0785,"Mˆdlinger Bundesstraﬂe"
14.0521,46.5502,"Rosental Bundesstraﬂe"
16.2963,48.1039,"Jakob Fuchs Gasse 82"
7.26605,49.36494,"Obere Hochstraﬂe"
9.91535,48.61561,"Schillerstraﬂe "
9.29321,48.70951,"L1202 14-30"
9.25933,48.14985,"K8201"
9.69034,48.68748,"Eislinger Straﬂe 30"
10.34103,52.15286,"Konrad-Adenauer-Straﬂe"
8.60264,49.451,"Mannheimer Straﬂe"
10.65395,50.146,"Hofheim in Unterfranken"
11.33494,52.23913,"B245 46-57"
9.15096,48.49506,"Markwiesenstraﬂe"
11.57765,52.0462,"Bahnhofstraﬂe"
8.34237,49.0123,"Rheinhafenstraﬂe 9"
13.31011,50.76266,"Hauptstraﬂe"
14.4537,47.0482,"Kulm Am Zirbitz 83"
7.04578,49.14383,"B51"
9.5827,48.71756,"L1225 110-112"
7.02237,51.43867,"Richard-Wagner-Straﬂe"
9.23036,48.05829,"L456"
9.5823,51.4037,"M¸ndener Straﬂe 19-33"
6.53484,51.49816,"Eyller Straﬂe 30-74"
8.74563,50.3473,"B3"
10.5743,50.85711,"Friedrichstraﬂe "
10.66393,52.32521,"B248"
7.08378,49.01454,"D919"
7.86418,48.04437,"Vˆrstetter Straﬂe 30"
8.71051,50.12217,"Wittelsbacherallee 104"
9.14466,48.52338,"Kirchentellinsfurter Straﬂe 59"
9.71346,48.49335,"L230"
9.03224,50.29383,"B521 10"
9.78813,48.53758,"Merklinger Straﬂe 200"
12.11025,50.49385,"Liebknechtstraﬂe 46"
7.01492,51.45949,"Sch¸tzenbahn"
8.48587,52.03669,"Wertherstraﬂe 255"
16.19046,47.52294,"Kˆnigseggstraﬂe 2"
9.63173,47.81148,"Brechenmacherstraﬂe 2-10"
8.45411,47.48064,"17 46"
12.11331,51.47493,"Zum M¸hlberg 3"
8.20114,47.32693,"Schlattweg 19"
13.83764,51.0343,"Pillnitzer Landstraﬂe 137-175"
9.94093,51.30422,"B27"
6.83981,49.48336,"Saarbr¸cker Straﬂe"
7.00404,49.36273,"L299"
8.69465,50.37848,"Frankfurter Straﬂe 68-72"
-0.50486,51.36753,"M25"
-0.49203,51.35467,"M25"
21.82056,39.51636,"30"
24.24661,41.06489,"12"
22.71842,40.70709,"E75 1"
22.43558,37.05058,"E961 39"
22.83625,38.77433,"1"
22.14842,39.29789,"30"
22.44961,40.61286,"1"
22.01228,37.24172,"E55 E65 7"
21.36767,37.72083,"9"
21.30286,40.47664,"15"
22.39983,38.53047,"E65 27"
21.27883,37.90495,"E55 9"
22.46061,38.8645,"1"
4.36764,51.20903,"R1 Kennedytunnel"
21.89378,39.40403,"30"
23.77528,40.76833,"2"
23.7205,40.74022,"E90 2"
22.65753,40.89108,"E75 1"
0.49944,51.29744,"M20"
0.49978,51.2972,"M20"
-1.76123,52.51444,"M6"
-1.74667,52.50958,"M6"
0.67078,51.33622,"A249"
22.45156,38.70286,"E65 27"
1.99967,41.28669,"C-32"
22.4005,37.55442,"74"
25.36886,35.30478,"90"
-0.51714,51.38358,"M25"
23.26361,40.26197,"????????????"
22.31089,39.1185,"E65 3"
21.40114,40.37236,"15"
-0.54117,51.41039,"M25"
2.09553,41.33522,"Autovia de Castelldefels"
2.04463,41.32412,"C-32"
21.36653,38.66378,"5"
30.16158,62.80989,"Uimaharjuntie"
30.08858,62.7938,"Eno-Joensuuntie"
30.11875,62.80197,"Eno-Joensuuntie"
25.54483,35.28367,"90"
24.20014,40.77372,"E90"
2.04844,41.27583,"C-31"
22.13355,37.35911,"7"
22.20611,40.44944,"2"
25.78158,35.11542,"90"
22.42806,38.67014,"E65 27"
21.42778,40.07834,"Agiou Achilliou"
23.23317,59.9063,"Hangˆuddsv‰gen"
28.37264,62.49028,"Joensuuntie"
28.55261,62.52772,"Vallantie"
28.65414,62.51794,"Vallantie"
28.54664,62.52881,"Vallantie"
24.19964,41.12625,"12"
27.08256,63.6037,"Kiuruvedentie"
27.15425,63.60281,"Ouluntie"
26.90689,63.61178,"Kiuruvedentie"
26.96153,63.61428,"Kiuruvedentie"
11.35614,47.26344,"B171 Kranebitter Allee"
22.43564,38.45408,"E65"
-0.5025,51.54083,"M25"
26.46705,61.0585,"Kantatie"
26.55783,61.03745,"Kantatie"
22.79092,62.4157,"Tampereentie"
27.83878,62.13175,"Mikkelintie"
27.84889,61.89736,"Savonlinnantie"
27.91639,61.89939,"Savonlinnantie"
21.64272,39.69339,"E92 6"
22.84464,40.65356,"E90"
22.81932,38.76959,"A1"
23.58914,60.02939,"Karisv‰gen"
23.89064,60.1437,"Kantatie"
23.71167,60.07555,"Hangˆuddsv‰gen"
24.10875,60.59081,"Porintie"
24.17217,60.56831,"Porintie"
22.37481,40.56636,"E90"
29.25375,61.90458,"Anttolantie"
29.27025,61.92917,"Seikanlammintie"
29.041,61.88086,"Savonlinnantie"
29.08042,61.88317,"Hukkalankuja"
29.14289,61.892,"Anttolantie"
29.18317,61.89658,"Anttolantie"
22.47895,36.98045,"39"
26.76589,63.62211,"Iisalmentie"
26.60367,63.65955,"Pyh‰salmentie"
29.98125,62.73722,"Lieksantie"
29.89558,62.71683,"Lieksantie"
29.86881,62.71522,"Lieksantie"
25.40361,35.29681,"90"
22.28445,61.15733,"Kantatie"
22.31489,61.16269,"Kantatie"
22.84203,39.38408,"6"
21.23364,40.49558,"A29"
23.51808,41.0902,"12"
28.11542,62.37461,"Joensuuntie"
22.29628,37.67458,"74"
25.6465,35.23928,"E75 90"
29.13403,62.66739,"Kuopiontie"
23.98303,60.17697,"Hangˆuddsv‰gen"
24.06647,60.24364,"Lohjanharjuntie"
21.82622,39.51283,"30"
23.41483,40.65436,"E90 2"
27.30286,63.16222,"Pielavedentie"
0.52853,51.295,"M20"
22.23553,40.54608,"4"
22.24561,40.55014,"4"
25.45414,35.28592,"E75 90"
21.30997,37.79514,"E55 9"
20.27445,39.53861,"E90"
22.14861,40.78278,"2"
24.81683,41.07708,"2"
21.82572,40.31533,"4"
22.27233,40.524,"2"
27.26203,61.65353,"Lappeenrannantie"
27.03872,61.83894,"Jyv‰skyl‰ntie"
27.14731,61.752,"Jyv‰skyl‰ntie"
21.33308,40.45253,"15"
2.02211,41.39814,"B-23"
21.41692,38.59911,"E55 5"
25.82833,40.85222,"2"
24.50756,40.96339,"2"
22.31644,39.07611,"E65 3"
24.28058,40.81047,"E90"
23.34789,40.1705,"unknown"
22.28417,39.22231,"E65 3"
23.95536,37.82886,"89"
27.84792,63.13847,"Kuopiontie"
22.62711,39.91195,"E75 1"
22.48742,39.69875,"E73"
28.96572,62.70055,"Kuopiontie"
25.8165,35.10333,"Eparchiaki Odos Pachias Amou - Gdochia"
22.36753,39.02775,"E65 3"
24.76883,41.08711,"2"
22.14639,37.38886,"E07"
25.51014,35.29103,"90"
22.49858,40.57458,"E90"
26.25808,41.02036,"E85 51"
13.09497,47.72501,"A10"
26.55283,65.2675,"Ouluntie"
29.18314,61.84672,"Punkaharjuntie"
29.28625,61.80547,"Punkaharjuntie"
29.36822,61.76636,"Punkaharjuntie"
22.22889,40.47166,"2"
27.24222,61.51508,"Mikkelintie"
27.29175,61.43497,"Lappeenrannantie"
27.26756,61.4512,"Lappeenrannantie"
21.86983,39.43625,"30"
22.2285,38.93436,"E952 38"
4.46697,51.90586,"'s-Gravendijkwal"
25.45594,66.43217,"Kemintie"
22.46753,37.65506,"E65"
2.07069,41.376,"Autopista B-23"
28.68072,61.89822,"Rantasalmentie"
28.77944,61.88283,"Rantasalmentie"
28.61289,61.90617,"Rantasalmentie"
28.95,61.87139,"Valtatie No"
22.43372,38.4782,"E65"
22.41722,38.48969,"E65 48"
27.56947,63.08161,"Maaningantie"
27.78869,63.13384,"Nilsi‰ntie"
22.39689,37.54925,"74"
-0.50167,51.48278,"M25"
-0.51928,51.45611,"M25"
22.37847,38.9865,"3"
27.3735,62.64197,"Palokankaantie"
23.38583,59.97139,"Hangontie"
23.43808,59.98211,"Karisv‰gen"
22.3817,37.49003,"E961 39"
23.90656,40.76739,"E90"
21.75083,39.57139,"E92"
25.64189,64.63667,"Jyv‰skyl‰ntie"
23.08947,61.35875,"Pirkanmaantie"
23.01475,61.33422,"Pirkanmaantie"
21.35417,38.01889,"9"
21.35303,38.0185,"E55 9"
27.99628,62.31353,"Valtatie"
28.03117,62.33453,"Joensuuntie"
21.49656,37.66897,"74"
20.95944,39.65305,"E92"
21.89294,40.2755,"E65 3"
26.98772,63.74331,"Ouluntie"
27.29495,63.67042,"Kainuuntie"
26.94403,63.80297,"Ouluntie"
24.32925,60.39478,"Porintie"
22.24225,37.72536,"74"
20.88536,38.90859,"42"
23.68575,40.69511,"E90 2"
21.91722,40.78222,"2"
11.34861,47.25308,"A12"
-0.48128,51.33164,"M25"
-0.47347,51.32672,"M25"
26.14581,65.18411,"20"
22.72922,61.26347,"12"
22.81519,61.30736,"12"
11.85533,48.15161,"M¸hldorfer Straﬂe"
-3.59377,40.46016," "
13.89818,51.03138,"Borsbergstraﬂe"
9.37996,52.31297,"A2 > Dortmund"
11.08675,51.46498,"L151"
8.35486,51.89888,"Hermann-Simon-Straﬂe "
11.81429,51.82315,"L64"
12.31638,51.72775,"Hauptstraﬂe"
11.14263,47.66779,"St2062 9"
9.43829,47.87137,"Lengenweiler"
7.13099,49.19487,"Adenauerstraﬂe"
8.53625,48.06211,"Jakob-Kienzle-Straﬂe 8-22"
10.5902,50.99646,"Nordhofner Straﬂe"
11.83571,51.52577,"Straﬂe der Einheit"
13.64214,52.24181,"Hauptstraﬂe 11-13"
10.72172,50.94204,"B7"
11.62984,48.20484,"Freisinger Landstraﬂe"
11.3132,50.71481,"Schaalaer Chaussee"
11.66934,48.0531,"Rosenheimer Landstraﬂe 135-145"
6.79824,49.3041,"L139 78"
12.20081,50.9006,"Ronneburger Straﬂe"
7.11483,51.44297,"Schultenweg"
11.14636,51.63304,"Augustenhˆhe 1"
10.04705,53.54816,"S¸derstraﬂe 232"
11.05684,50.47047,"Hiftenberg 12-24"
11.61973,52.16177,"Burgstaller Weg"
11.63036,52.12814,"Otto-von-Guericke-Straﬂe 25-27"
7.04895,51.60807,"L608"
8.35977,50.02147,"Massenheimer Landstraﬂe"
6.51347,49.45054,"A8"
12.07996,50.43336,"A72"
10.87741,50.25116,"Altenhofer Straﬂe"
12.14206,52.42127,"Jerichower Straﬂe "
13.46297,54.35099,"L29 34-35"
12.25053,50.87887,"B7"
6.89227,51.40824,"B1"
8.51612,50.05632,"R¸sselsheimer Straﬂe 120"
10.88565,53.88894,"B105 1-7"
8.85005,47.75949,"Fittingstraﬂe 1"
12.48485,50.71903,"Spiegelstraﬂe 11"
11.61386,52.19772,"Ebendorfer Straﬂe"
5.22902,52.23814,"A1"
10.37033,48.24489,"B300 13"
-0.78818,51.83005,"68 Aylesbury Rd"
6.47982,51.57454,"Bˆnninghardter Straﬂe 98"
14.27622,48.31766,"Steinbauerstraﬂe 13"
6.82013,49.30541,"Hauptstraﬂe 253"
9.44263,47.94112,"Hauptstraﬂe 40a"
11.45204,52.3446,"B71"
13.0607,45.65036,"Via Pineda, 6"
3.85372,50.97994,"N9 Brusselsesteenweg"
9.56484,50.45278,"Hauswurzer Straﬂe "
16.26749,48.19356,"B1 288-294/1"
15.24946,46.97063,"A2"
14.168,46.52106,"Matschacherstraﬂe 305"
11.03532,50.95015,"Am Tannenw‰ldchen"
8.41175,47.39983,"Z¸rcherstrasse 126"
11.36259,47.66001,"St2062 9"
-2.04156,52.62497,"M6"
12.44476,51.67075,"Berliner Straﬂe 1"
8.61938,52.01371,"L787"
8.47933,48.06335,"L173"
25.12639,54.71727,"5212"
16.4456,48.2131,"A23"
13.48223,48.21588,"Sch‰rdinger Straﬂe 34"
6.76292,53.3204,"N996 4-8"
-3.20759,55.71027,"A703"
7.55269,47.20591,"Luzernstrasse 10"
8.19981,50.22711,"B417"
15.7677,47.10572,"S¸d-Autobahn"
12.05426,47.52713,"Mariastein 3"
6.51663,49.76335,"N10"
12.0638,47.50775,"Angath 51-93"
14.29436,48.27113,"Hanuschstraﬂe 128-130"
7.02295,49.17022,"N61"
13.64826,52.76775,"Eberswalder Chaussee 5"
13.06753,47.7996,"Geiﬂmayerstraﬂe 4"
15.87707,47.08428,"S¸d-Autobahn"
13.30915,47.84489,"West-Autobahn"
17.82429,51.72558,"11"
16.33992,48.21254,"Wiener G¸rtel-Bundesstraﬂe 2"
21.9289,43.1065,"E75"
21.88817,43.15882,"E75"
21.91946,42.5401,"E75"
8.37448,51.93363,"Blankenhagener Weg"
28.71176,50.27636,"M06"
7.42026,49.2561,"Zweibr¸cker Straﬂe 28"
16.2083,47.0032,"Gleisdorfer Bundesstraﬂe 1"
8.37543,47.42627,"E60"
-0.41123,51.78308,"M1"
16.4823,48.16637,"Alberner Hafenzufahrtsstraﬂe"
1.82304,48.83841,"3 Route de Montfort"
8.16174,50.26584,"H¸hnerstraﬂe"
8.52029,47.054,"E41"
8.62008,46.95461,"E41 65"
-2.89769,54.91076,"M6"
16.36411,48.20653,"Heldenplatz"
16.36072,48.23462,"Untergrundbahn Bogen Spittelau 321-336"
11.4241,47.25825,"Philippine Welser Straﬂe 23"
-5.36844,43.49636,"A-8"
10.06583,48.41804,"Thalfinger Straﬂe 97"
10.31163,49.13219,"B25 "
-2.01462,52.58802,"M6"
-1.97636,52.55687,"M6"
-2.01148,52.57093,"M6"
0.21822,51.41196,"M25"
0.71823,51.22043,"Motorway M20"
8.81421,47.2589,"Widenswilerstrasse 12"
7.68289,48.59172,"A351"
15.0358,48.13181,"West Autobahn"
7.90192,47.2768,"Gl‰ndstrasse 5"
7.67259,47.56667,"Wyhlenweg 31-33"
11.2541,47.2709,"Tiroler Straﬂe"
10.04544,48.32643,"Harderstraﬂe 12"
4.76397,46.12152,"L'Autoroute du Soleil"
11.48349,48.095,"Forst-Kasten-Allee "
4.45148,51.21869,"Turnhoutsebaan"
14.04371,48.13548,"Bergerndorf "
8.09238,53.57425,"Preuﬂenstraﬂe 40a"
11.62981,48.15337,"Englschalkinger Straﬂe 148"
11.55025,50.95939,"Isserstedter Straﬂe 1"
14.2773,48.2114,"West Autobahn"
14.2989,48.2269,"M¸hlkreisautobahn"
9.90574,47.34733,"Hirschau 57"
17.10846,39.32208,"SS106"
12.13861,47.48218,"B178"
15.15264,47.39359,"Leobener Straﬂe 37"
2.56549,39.53641,"Carretera de Palma-Palmanova"
2.63542,39.58901,"CircunvalaciÛn de Palma"
2.64772,39.59349,"Carrera de Valldemossa, 56-64"
2.66197,39.58732,"Calle de Isaac AlbÈniz, 8-10"
2.45249,39.5462,"Carretera De Palmanova Puerto De Andratx"
11.43816,48.79061,"Beilngrieser Straﬂe 80-84"
9.75191,47.50903,"Reichsstraﬂe 20"
9.93402,47.48406,"Krumbach"
9.86027,47.40181,"Bersbuch 673"
9.77108,47.5727,"Fesslers "
13.6316,47.7057,"Knappenweg 13"
7.97419,47.51764,"Eikerstrasse 114"
15.43394,47.07347,"Lendkai 21"
14.74506,47.21122,"Murtal Schnellstraﬂe"
9.67068,47.34995,"Schwefelbadstraﬂe 19"
26.8117,38.35491,"3273. Sk"
9.72998,47.41326,"Schmelzh¸tterstraﬂe 32"
9.82412,47.45231,"Alberschwende"
9.67127,47.36152,"L47 31-33"
9.90458,47.43252,"Hub 738"
-2.72724,53.69176,"133-161 Dunkirk Ln"
9.67752,47.43603,"Hofsteigstraﬂe 75"
-1.24484,53.02051,"M1"
-0.26902,51.28501,"M25"
-0.28182,51.29089,"M25"
-1.23588,53.00748,"M1"
-1.25372,52.97328,"M1"
-1.29866,52.93176,"M1"
8.66875,46.7842,"E35"
9.75736,47.53527,"Hofer Straﬂe 21"
13.12461,47.85851,"Wiener Straﬂe"
9.60434,47.3312,"Gm¸r 4"
16.35637,48.23612,"Wiener G¸rtel Straﬂe"
9.73333,47.40155,"Adlergasse 2"
7.54391,47.2047,"Luzernstrasse 5"
12.19473,50.49538,"A72"
9.79278,47.16669,"S‰gebachstraﬂe "
12.77093,46.82889,"Tiroler Straﬂe "
3.53504,49.56148,"21-25 Rue de la Plaine"
11.52965,48.04646,"S¸dliche M¸nchner Straﬂe "
9.69745,47.41479,"Lustenauer Straﬂe"
9.67172,47.44214,"Rasis B¸ndt"
5.81765,52.025,"A12, Westelijk Van Schaarsbergen"
9.7391,47.42011,"Rohrbach"
9.62795,47.30818,"Treietstraﬂe"
23.59282,46.7732,"Strada Tipografiei"
9.72595,47.5028,"Mehrerauerstraﬂe"
16.2551,48.00787,"M¸hlgasse"
8.64909,47.6311,"86"
11.68347,48.1184,"B304"
11.52848,47.28034,"Bundesstraﬂe 3"
11.52705,47.28016,"Salzburger Straﬂe"
11.4756,47.27658,"Loretto Umgebung 5"
-1.71356,52.48714,"M42"
-1.71657,52.47921,"M6"
-1.7335,52.49257,"M6"
-0.449,51.68345,"M25"
-1.72085,52.50227,"M42"
-1.7691,52.51425,"M6"
-1.7321,52.49077,"M6"
-0.41203,51.75106,"M1"
14.37908,50.09283,"St?e?ovick·"
-0.49846,51.94107,"M1"
8.27751,49.99847,"Rheinstraﬂe 25-27"
37.48698,55.81052,"Bol'shoy Volokolamskiy proyezd "
37.64101,55.82106,"Prospekt Mira "
37.57613,55.66118,"Sevastopol'skiy prospekt "
37.57667,55.81512,"Dmitrovskoye shosse "
3.91905,43.60052,"A9"
9.26816,47.55724,"Kreuzlingerstrasse 119"
9.45105,47.49839,"Seestrasse 110"
16.13963,38.59757,"A3 Napoli - Reggio di Calabria"
11.02213,47.29241,"Inntal Autobahn "
-0.58125,52.0211,"M1"
-1.59902,53.72972,"M62"
-0.32693,51.71126,"M25"
-1.59899,53.7295,"M62"
-0.25877,51.7085,"M25"
-0.52615,51.97234,"M1"
-0.47357,51.90068,"M1"
0.19998,51.64951,"M25"
-0.52596,51.3883,"M25"
-0.49902,51.64841,"M25"
-0.49172,51.66792,"M25"
-0.47985,51.67202,"M25"
-0.42837,51.711,"M25"
-0.44882,51.68339,"M25"
-1.97638,52.55654,"M6"
-1.89701,52.52937,"M6"
-1.89717,52.52933,"M6"
13.44955,46.83003,"E66"
22.84452,38.49648,"Ethniki Odos Livadias Lamias"
23.98296,38.02951,"Leoforos Marathonos"
22.98331,40.56967,"Marinou Antipa"
22.48657,39.7014,"A1"
24.39179,40.93077,"Tenedou"
24.04867,41.12368,"Ethniki Odos Serron Dramas"
-1.6696,53.74315,"M62"
-1.70563,53.74569,"M62"
-3.39032,56.05069,"M90"
11.35968,44.52949,"A13 Bologna - Padova"
37.5932,55.78746,"Novoslobodskaya ulitsa 57"
37.73977,55.61377,"Orekhovyy bul'var 24"
37.74916,55.63589,"Lyublinskaya ulitsa"
37.52463,55.64014,"Profsoyuznaya ulitsa 91"
37.57014,55.74258,"Berezhkovskaya naberezhnaya 2"
37.5654,55.71994,"ulitsa Khamovnicheskiy Val 3 ???????? 1"
37.51676,55.6827,"prospekt Vernadskogo 25"
37.48086,55.65734,"prospekt Vernadskogo"
37.55036,55.66621,"Profsoyuznaya ulitsa "
37.6553,55.64106,"Proletarskiy prospekt "
37.5598,55.69622,"Leninsky Avenue "
11.46262,47.08379,"Brennerautobahn"
37.53151,55.67882,"Leninsky Avenue"
37.70933,55.74997,"shosse Entuziastov "
37.5381,55.69487,"prospekt Vernadskogo "
37.57087,55.68554,"Profsoyuznaya ulitsa "
37.58029,55.71701,"Frunzenskaya naberezhnaya "
37.52902,55.67683,"Leninsky Avenue "
37.54132,55.6186,"ulitsa Ayvazovskogo 2 ?????? 2"
37.54074,55.61568,"ulitsa Ayvazovskogo 6 ?????? 1"
37.77503,55.80832,"Shchelkovskoye shosse 24"
37.58463,55.85748,"Altuf'evskoye shosse "
37.80776,55.81057,"Shchelkovskoye shosse 79"
37.58451,55.86067,"Altuf'evskoye shosse "
37.50923,55.62302,"Profsoyuznaya ulitsa"
37.49191,55.82643,"Leningradskoye Highway "
37.66784,55.70432,"ulitsa Saykina 19"
37.54503,55.69973,"prospekt Vernadskogo"
37.45458,55.71085,"Amin'evskoye shosse "
37.45225,55.7159,"Amin'evskoye shosse "
37.66667,55.70893,"prospekt Andropova"
37.73595,55.79972,"Bol'shaya Cherkizovskaya ulitsa "
37.50272,55.77095,"Zvenigorodskoye shosse"
37.4591,55.70149,"Amin'evskoye shosse "
37.66885,55.60524,"Lipetskaya ulitsa 2"
37.68131,55.58247,"Lipetskaya ulitsa 7"
37.57755,55.81391,"Dmitrovskoye shosse 5"
37.65495,55.70533,"Avtozavodskaya ulitsa 17"
37.65823,55.66408,"prospekt Andropova 31"
37.6574,55.61823,"Bakinskaya ulitsa 25"
37.49023,55.82847,"Leningradskoye Highway 28"
37.61268,55.64088,"Balaklavskiy prospekt 3"
37.66404,55.71048,"Avtozavodskaya ulitsa 2"
-0.50384,51.9491,"M1"
-1.74161,53.72171,"M62"
-1.74499,53.71099,"M62"
14.31506,47.6987,"A9"
9.91821,52.97472,"A7"
14.41353,48.21584,"A1"
2.01741,41.3929,"A-2"
-1.48397,53.72804,"M62"
-1.54291,53.73357,"M62"
-3.38782,56.07023,"M90"
-1.91399,52.54247,"M6"
-1.96414,52.55164,"M6"
5.97511,49.51337,"Collectrice du Sud "
5.74263,49.82074,"Route d'Arlon "
5.89746,49.55635,"N31 8-56"
7.7726,51.53853,"Werler Straﬂe"
-2.5941,51.53336,"M5"
-1.53682,53.73402,"M62"
-3.40904,55.96357,"M90"
-2.53283,51.53097,"M4"
-2.54273,51.54063,"M4"
-2.57776,51.54387,"M5"
7.6292,47.05237,"Heimiswilstrasse 14"
9.04943,47.41266,"Husenstrasse 67"
12.4431,43.02792,"Via Ponterosciano"
12.41621,43.2169,"Via delle Casette"
-1.19737,53.13319,"Nottingham Road"
8.70955,47.53454,"Schaffhauserstrasse "
8.5422,47.54196,"Solistrasse 606"
9.12553,47.26307," "
0.08057,51.27688,"M25"
0.07858,51.68869,"M25"
0.0568,51.686,"M25"
-0.01823,51.26823,"M25"
-0.06169,51.68265,"M25"
-0.11976,51.68833,"M25"
-0.17898,51.68391,"M25"
-1.82321,52.50647,"M6"
-1.83101,52.50573,"M6"
0.05392,51.68531,"M25"
14.10081,50.13886,"Cyrila Boudy"
-2.01437,52.58807,"M6"
-2.01168,52.57092,"M6"
-1.29869,53.0835,"M1"
-1.2815,52.9424,"M1"
-1.24971,53.03491,"M1"
-1.24507,53.02049,"M1"
-1.7256,52.51157,"M42"
14.33664,48.33789,"A7"
-3.01197,51.59792,"M4"
13.04205,47.83024,"A1"
12.98101,47.78462,"Westautobahn"
-1.76844,52.39394,"M42"
-1.70961,52.4537,"M42"
-1.72165,52.42159,"M42"
-1.76817,52.39392,"M42"
-1.71059,52.46014,"M42"
-1.80036,52.36564,"M42"
-1.79131,52.34295,"M40"
-1.73775,52.40767,"M42"
0.00798,51.68037,"M25"
-1.8072,52.35821,"M42"
-1.80055,52.36573,"M42"
-1.73748,52.40762,"M42"
-1.724,52.41777,"M42"
-1.71878,52.42638,"M42"
14.47197,45.31704,"D404"
-1.28116,53.32336,"M1"
-1.28624,53.35249,"M1"
-1.2811,53.3734,"M1"
-1.29948,53.27868,"M1"
-1.32325,53.18803,"M1"
-1.32735,53.15388,"M1"
-1.54783,53.67085,"M1"
-1.53995,53.6665,"M1"
-2.06017,52.65023,"M6"
-2.08675,52.67661,"M6"
-2.09827,52.73304,"M6"
-2.10052,52.75084,"M6"
22.27533,51.6201,"Droga Krajowa 48"
6.13194,49.61162," "
-1.55734,53.69321,"M1"
-3.98674,57.97023,"Ferry Road 1"
-0.49993,51.58672,"North Orbital Road 196"
-0.55661,51.6137,"Gravel Hill "
-0.85484,52.27373,"Moulton Way "
-0.45115,51.87917,"M1"
-0.49466,51.49151,"London Orbital Motorway"
-1.6107,53.73268,"M62"
9.3274,47.418,"E60 "
-3.36021,55.01693,"A75 "
6.35095,49.66096,"E44 "
8.2256,47.29825,"Hauptstrasse"
9.65083,47.80853,"Wolfegger Straﬂe 50"
7.5457,47.47655,"Hofstettenstrasse "
17.36688,59.65315,"Enkˆpingsv‰gen"
17.42146,59.64981,"Enkˆpingsv‰gen 128"
16.04503,60.31867,"270"
12.93253,56.63298,"15"
13.24947,55.86049,"17"
15.06119,59.2425,"691"
17.93952,58.99826,"545"
7.58705,47.5608,"Blumenrain "
-1.22809,51.99597,"B4031 "
-0.81573,52.11599,"Newport Way "
15.36868,47.05132,"Steinbergstraﬂe "
-2.98447,51.60481,"M4"
-0.78846,51.79951,"Wendover Road 252"
-3.41154,51.75412,"Swansea Road "
-1.08451,52.66459,"Barkbythorpe Road 58"
-1.41033,53.58556,"Pontefract Road 222"
7.59218,47.54225,"Dornacherstrasse"
0.42504,50.84483,"Barnhorn Road 75"
0.25242,50.82796,"Polegate Bypass "
-2.02762,52.61414,"M6"
-2.03369,52.61982,"M6"
-0.31662,51.71183,"M25"
-1.73037,52.53281,"M42"
8.86582,47.19173,"Feldmoosstrasse"
7.04138,52.23704,"Vosbultkamp"
-3.20775,56.42999,"A90 "
-6.40727,53.28606,"Brookfield Road"
-2.99376,53.41244,"L3"
4.45946,52.16477,"Haagse Schouwweg"
13.63359,50.1665,"6"
9.08863,45.80976,"Via Giuseppe Ferrari"
13.72134,45.53353,"Olj?na pot"
4.86631,50.43951,"Avenue Parc d'AmÈe"
7.47242,46.97771,"Worblentalstrasse"
-3.6309,40.43408,"Calle de Juli·n Camarillo"
14.19871,42.46815,"Via Arapietra"
16.27598,50.16453,"Pansk·"
18.16207,40.00761,"Via Cavour Camillo Benso Conte"
5.17539,51.16814,"Steegsebaan"
2.34754,48.89411,"Boulevard Ornano"
13.60935,43.24663,"Via Monti Sala"
-8.60841,41.14783,"Rua de S· da Bandeira"
17.02688,54.46527,"Zwyci?stwa"
15.12828,45.97826,"215"
12.44509,43.09121,"Via Alessandro Manzoni"
7.75229,47.40949,"Burghaldenweg"
5.59465,52.12478,"Bresselaan"
5.69209,50.87807,"Wetzerveld"
-3.79899,37.77697,"Calle RamÛn EspantaleÛn"
-5.96543,43.5758,"Calle Alcalde LuÌs Treillard"
-8.74578,42.24554,"PO-551"
17.95668,45.25934,"4162"
14.28642,48.30608,"Hauptplatz"
1.06679,51.30944,"Fleets Lane"
12.33654,45.43726,"Merceria II Aprile"
-2.53627,51.46253,"Shelley Close"
-2.28021,51.04594,"Cresscombe Close"
25.63912,60.3729,"Tornstigen"
-6.36904,39.4766,"Plaza Santiago"
13.89936,41.11594,"Via Napoli"
16.14423,50.6408,"30112"
15.56644,41.46316,"Viale Leone XIII"
-8.66201,41.1847,"Avenida Calouste Gulbenkian"
16.77067,48.87437,"Sada?sk·"
1.0864,51.26646,"Ethelbert Road"
6.4993,46.51234,"Avenue des P‚quis"
15.04978,46.38327,"425"
15.10277,48.16247,"Neusarling"
17.59712,48.38489,"Vetern·"
17.81157,47.88618,"Malooko?sk·"
25.51426,62.00081,"9"
10.62569,43.83773,"Via Sbarra"
11.33954,44.50262,"Via Benedetto Cairoli"
11.82063,45.44399,"Via Enrico Toti"
-16.56433,28.07226,"Calle Pedro Garcia Cabrera"
8.60519,44.90188,"Corso Carlo Marx"
12.20594,46.46253,"Via Belvedere"
-3.62594,40.43025,"Calle Castillo de Simancas"
16.25349,49.71857,"St?Ìteûsk·"
1.16161,49.40215,"Route de Paris"
-3.71585,40.47552,"Camino de Ganapanes"
1.0632,51.29455,"Giles Lane"
18.03067,48.24789,"562001"
13.72759,45.54576,"Pristaniöka ulica"
7.03815,53.14163,"Venne"
13.38187,49.74925,"26"
13.38174,49.74912,"sady 5. kv?tna"
-3.66792,40.37463,"Calle de AndÈvalo"
16.60805,49.00653,"P?Ìsnotick·"
-2.65071,53.51703,"Wheatlea Road"
-3.13156,51.6179,"Islwyn Road"
3.69302,51.058,"Rooigemlaan"
22.30723,60.41432,"Kataraistentie"
19.53417,49.05186,"018123"
10.6109,43.05925,"Via dei Due Pini"
15.80909,46.16256,"D206"
4.37083,50.86446,"Rue de la Poste - Poststraat"
1.07981,51.2968,"The Close"
17.2024,43.44554,"6157"
16.02051,49.35304,"PoötovnÌ"
7.06326,46.6153,"Rue du Pays-d'Enhaut"
11.79667,45.36132,"Via Armando Diaz"
-7.86574,38.01299,"Rua da Liberdade"
14.32696,46.63791,"Annabichler Straﬂe"
13.51839,45.90128,"A34"
12.84126,45.7969,"A4"
12.92149,55.58224,"Strandgatan"
10.49622,43.30212,"Via Cesare Battisti"
19.3428,49.23421,"059021"
2.33856,48.81661,"Boulevard PÈriphÈrique ExtÈrieur"
2.42126,41.54003,"Carrer del Germ‡ Doroteo"
13.5638,45.32847,"Celega"
2.34683,49.89293,"AllÈe Elsa Triolet"
5.65062,50.83932,"Herculeshof"
-5.77471,43.2477,"Calle Alfonso CamÌn"
3.44452,49.09834,"A4"
5.08355,51.57354,"Pater Ruttenstraat"
3.45177,49.10139,"A4"
13.32247,38.20038,"Viale Galatea"
2.35723,41.51653,"Carrer de Pius XII"
16.92008,49.14893,"50"
13.31366,49.63302,"Svatopluka ?echa"
17.68497,51.29515,"S8"
11.25665,44.42024,"Via Porrettana"
12.27778,44.39225,"Via Marabina"
18.0216,59.3085,"Nybohovsbacken"
18.02161,59.3085,"Nybohovsbacken"
-2.05886,52.56994,"Marbury Drive"
9.07626,47.10219,"Kerenzerbergstrasse"
-3.53237,39.96167,"AutovÌa del Sur"
-8.27298,39.90266,"EN 236-1"
-3.58389,39.98576,"AutovÌa del Sur"
12.90418,56.67549,"Strandvallen"
5.74269,51.75276,"Jan Hondongpark"
7.3804,47.77064,"Rue d'Annecy"
13.4535,45.80161,"Via Aquileia"
-9.19577,38.75001,"Estrada de Benfica"
12.64965,43.99311,"Viale Siena"
5.05231,52.09339,"Hooivlinder"
-2.46269,43.18711,"Urkizu pasealekua"
10.22902,45.54729,"Via San Rocchino"
-1.65196,42.80358,"Calle Alfonso el Batallador"
8.29533,47.33655,"Maiacherweg"
5.99332,51.32298,"Blauwververstraat"
5.61558,52.24602,"Voorthuizerstraat"
15.6502,38.09795,"Via Pio XI"
12.98123,47.78429,"A1"
17.07384,43.27125,"D512"
-6.03076,39.25684,"Carretera de C·ceres a Villanueva de la Serena"
1.09869,51.28985,"Marshwood Close"
15.85856,50.45403,"37"
15.8627,50.46255,"37"
13.23767,49.68236,"V SÌdliöti"
-2.69675,42.85853,"Martin Susaeta kalea"
-4.06627,43.27028,"Calle de Santiago RamÛn y Cajal"
4.44199,51.2188,"Florastraat"
12.98076,55.58137,"Stensjˆgatan"
17.58459,48.36561,"9. m·ja"
18.87761,50.31563,"Joanny"
-2.71656,53.42353,"Porlock Avenue"
-5.20757,38.27238,"Calle Nava"
-5.32852,35.88317,"Avenida Reyes CatÛlicos"
-2.69675,42.85853,"Martin Susaeta kalea"
11.7592,45.31317,"Via Regazzoni Bassa"
5.8526,50.98491,"Sterhof"
-8.53807,37.12172,"Avenida das Comunidades Lusiadas"
7.47908,44.65027,"Via Barge"
16.16607,38.16866,"SS112"
-1.13906,37.98631,"Calle de Sierra Nevada"
6.60878,47.05765,"Rue du Clos Jeune"
7.61693,47.54437,"A2"
-2.56704,51.42243,"Dennor Park"
-8.35298,43.33348,"R˙a Casares Quiroga"
-3.77239,40.31805,"M-406"
-3.77246,40.31812,"M-406"
-8.97702,38.70767,"Travessa da Cerca"
-15.5109,28.07832,"Carretera A San JosÈ del ¡lamo"
8.27997,47.0334,"Gallusstrasse"
11.09212,46.10673,"Via Innsbruck"